"Country","State","City","Station name","Timestamp(UTC)","PM2.5","US AQI","Main pollutant"
"USA","Pennsylvania","Avalon","Avalon","2021-08-10T00:00:00.000Z",8.79,36,"PM2.5"
"USA","Pennsylvania","Avalon","Avalon","2021-08-11T00:00:00.000Z",10.29,43,"PM2.5"
"USA","Pennsylvania","Avalon","Avalon","2021-08-12T00:00:00.000Z",11.08,46,"PM2.5"
"USA","Pennsylvania","Avalon","Avalon","2021-08-13T00:00:00.000Z",8.74,36,"PM2.5"
"USA","Pennsylvania","Avalon","Avalon","2021-08-14T00:00:00.000Z",8.17,34,"PM2.5"
"USA","Pennsylvania","Avalon","Avalon","2021-08-15T00:00:00.000Z",8.21,34,"PM2.5"
"USA","Pennsylvania","Avalon","Avalon","2021-08-16T00:00:00.000Z",9.54,39,"PM2.5"
"USA","Pennsylvania","Avalon","Avalon","2021-08-17T00:00:00.000Z",5.33,22,"PM2.5"
"USA","Pennsylvania","Avalon","Avalon","2021-08-18T00:00:00.000Z",4.57,19,"PM2.5"
"USA","Pennsylvania","Avalon","Avalon","2021-08-19T00:00:00.000Z",7.42,31,"PM2.5"
"USA","Pennsylvania","Avalon","Avalon","2021-08-20T00:00:00.000Z",10.08,42,"PM2.5"
"USA","Pennsylvania","Avalon","Avalon","2021-08-21T00:00:00.000Z",15.21,58,"PM2.5"
"USA","Pennsylvania","Avalon","Avalon","2021-08-22T00:00:00.000Z",17.21,62,"PM2.5"
"USA","Pennsylvania","Avalon","Avalon","2021-08-23T00:00:00.000Z",15.5,58,"PM2.5"
"USA","Pennsylvania","Avalon","Avalon","2021-08-24T00:00:00.000Z",15.67,58,"PM2.5"
"USA","Pennsylvania","Avalon","Avalon","2021-08-25T00:00:00.000Z",15.35,58,"PM2.5"
"USA","Pennsylvania","Avalon","Avalon","2021-08-26T00:00:00.000Z",12.17,51,"PM2.5"
"USA","Pennsylvania","Avalon","Avalon","2021-08-27T00:00:00.000Z",13.5,54,"PM2.5"
"USA","Pennsylvania","Avalon","Avalon","2021-08-28T00:00:00.000Z",14.7,56,"PM2.5"
"USA","Pennsylvania","Avalon","Avalon","2021-08-29T00:00:00.000Z",13.3,54,"PM2.5"
"USA","Pennsylvania","Avalon","Avalon","2021-08-30T00:00:00.000Z",9.29,38,"PM2.5"
"USA","Pennsylvania","Avalon","Avalon","2021-08-31T00:00:00.000Z",9.71,40,"PM2.5"
"USA","Pennsylvania","Avalon","Avalon","2021-09-01T00:00:00.000Z",4.75,20,"PM2.5"
"USA","Pennsylvania","Avalon","Avalon","2021-09-02T00:00:00.000Z",6.58,27,"PM2.5"
"USA","Pennsylvania","Avalon","Avalon","2021-09-03T00:00:00.000Z",6.29,26,"PM2.5"
"USA","Pennsylvania","Avalon","Avalon","2021-09-04T00:00:00.000Z",9.04,37,"PM2.5"
"USA","Pennsylvania","Avalon","Avalon","2021-09-05T00:00:00.000Z",9.71,40,"PM2.5"
"USA","Pennsylvania","Avalon","Avalon","2021-09-06T00:00:00.000Z",8.71,36,"PM2.5"
"USA","Pennsylvania","Avalon","Avalon","2021-09-07T00:00:00.000Z",10.96,45,"PM2.5"
"USA","Pennsylvania","Avalon","Avalon","2021-09-08T00:00:00.000Z",10.26,42,"PM2.5"
"USA","Pennsylvania","Avalon","Avalon","2021-09-09T00:00:00.000Z",9.79,40,"PM2.5"
"USA","Pennsylvania","Avalon","Avalon","2021-09-10T00:00:00.000Z",5.96,25,"PM2.5"
"USA","Pennsylvania","Avalon","Avalon","2021-09-11T00:00:00.000Z",11.83,49,"PM2.5"
"USA","Pennsylvania","Avalon","Avalon","2021-09-12T00:00:00.000Z",10.04,41,"PM2.5"
"USA","Pennsylvania","Avalon","Avalon","2021-09-13T00:00:00.000Z",15.26,58,"PM2.5"
"USA","Pennsylvania","Avalon","Avalon","2021-09-14T00:00:00.000Z",17,61,"PM2.5"
"USA","Pennsylvania","Avalon","Avalon","2021-09-15T00:00:00.000Z",11.92,49,"PM2.5"
"USA","Pennsylvania","Avalon","Avalon","2021-09-16T00:00:00.000Z",8.25,34,"PM2.5"
"USA","Pennsylvania","Avalon","Avalon","2021-09-17T00:00:00.000Z",8.54,35,"PM2.5"
"USA","Pennsylvania","Avalon","Avalon","2021-09-18T00:00:00.000Z",14.45,56,"PM2.5"
"USA","Pennsylvania","Avalon","Avalon","2021-09-19T00:00:00.000Z",12.75,52,"PM2.5"
"USA","Pennsylvania","Avalon","Avalon","2021-09-20T00:00:00.000Z",9.43,39,"PM2.5"
"USA","Pennsylvania","Avalon","Avalon","2021-09-21T00:00:00.000Z",9.5,39,"PM2.5"
"USA","Pennsylvania","Avalon","Avalon","2021-09-22T00:00:00.000Z",4.83,20,"PM2.5"
"USA","Pennsylvania","Avalon","Avalon","2021-09-23T00:00:00.000Z",3.08,13,"PM2.5"
"USA","Pennsylvania","Avalon","Avalon","2021-09-24T00:00:00.000Z",5,21,"PM2.5"
"USA","Pennsylvania","Avalon","Avalon","2021-09-25T00:00:00.000Z",9.13,38,"PM2.5"
"USA","Pennsylvania","Avalon","Avalon","2021-09-26T00:00:00.000Z",8.67,36,"PM2.5"
"USA","Pennsylvania","Avalon","Avalon","2021-09-27T00:00:00.000Z",7.38,30,"PM2.5"
"USA","Pennsylvania","Avalon","Avalon","2021-09-28T00:00:00.000Z",12.29,51,"PM2.5"
"USA","Pennsylvania","Avalon","Avalon","2021-09-29T00:00:00.000Z",5.27,22,"PM2.5"
"USA","Pennsylvania","Avalon","Avalon","2021-09-30T00:00:00.000Z",9.27,38,"PM2.5"
"USA","Pennsylvania","Avalon","Avalon","2021-10-01T00:00:00.000Z",8.71,36,"PM2.5"
"USA","Pennsylvania","Avalon","Avalon","2021-10-02T00:00:00.000Z",16.38,60,"PM2.5"
"USA","Pennsylvania","Avalon","Avalon","2021-10-03T00:00:00.000Z",14.33,56,"PM2.5"
"USA","Pennsylvania","Avalon","Avalon","2021-10-04T00:00:00.000Z",6.79,28,"PM2.5"
"USA","Pennsylvania","Avalon","Avalon","2021-10-05T00:00:00.000Z",8.67,36,"PM2.5"
"USA","Pennsylvania","Avalon","Avalon","2021-10-06T00:00:00.000Z",7.46,31,"PM2.5"
"USA","Pennsylvania","Avalon","Avalon","2021-10-07T00:00:00.000Z",4.17,17,"PM2.5"
"USA","Pennsylvania","Avalon","Avalon","2021-10-08T00:00:00.000Z",6,25,"PM2.5"
"USA","Pennsylvania","Avalon","Avalon","2021-10-09T00:00:00.000Z",5.38,22,"PM2.5"
"USA","Pennsylvania","Avalon","Avalon","2021-10-10T00:00:00.000Z",7.22,30,"PM2.5"
"USA","Pennsylvania","Avalon","Avalon","2021-10-11T00:00:00.000Z",5.38,22,"PM2.5"
"USA","Pennsylvania","Avalon","Avalon","2021-10-12T00:00:00.000Z",4.17,17,"PM2.5"
"USA","Pennsylvania","Avalon","Avalon","2021-10-13T00:00:00.000Z",10.83,45,"PM2.5"
"USA","Pennsylvania","Avalon","Avalon","2021-10-14T00:00:00.000Z",12.14,51,"PM2.5"
"USA","Pennsylvania","Avalon","Avalon","2021-10-15T00:00:00.000Z",12.32,51,"PM2.5"
"USA","Pennsylvania","Avalon","Avalon","2021-10-16T00:00:00.000Z",7.25,30,"PM2.5"
"USA","Pennsylvania","Avalon","Avalon","2021-10-17T00:00:00.000Z",6.13,25,"PM2.5"
"USA","Pennsylvania","Avalon","Avalon","2021-10-18T00:00:00.000Z",5.04,21,"PM2.5"
"USA","Pennsylvania","Avalon","Avalon","2021-10-19T00:00:00.000Z",10.58,44,"PM2.5"
"USA","Pennsylvania","Avalon","Avalon","2021-10-20T00:00:00.000Z",10.14,42,"PM2.5"
"USA","Pennsylvania","Avalon","Avalon","2021-10-21T00:00:00.000Z",12.17,51,"PM2.5"
"USA","Pennsylvania","Avalon","Avalon","2021-10-22T00:00:00.000Z",4.75,20,"PM2.5"
"USA","Pennsylvania","Avalon","Avalon","2021-10-23T00:00:00.000Z",5.46,23,"PM2.5"
"USA","Pennsylvania","Avalon","Avalon","2021-10-24T00:00:00.000Z",9.35,39,"PM2.5"
"USA","Pennsylvania","Avalon","Avalon","2021-10-25T00:00:00.000Z",7.79,32,"PM2.5"
"USA","Pennsylvania","Avalon","Avalon","2021-10-26T00:00:00.000Z",3.67,15,"PM2.5"
"USA","Pennsylvania","Avalon","Avalon","2021-10-27T00:00:00.000Z",3.75,15,"PM2.5"
"USA","Pennsylvania","Avalon","Avalon","2021-10-28T00:00:00.000Z",6.83,28,"PM2.5"
"USA","Pennsylvania","Avalon","Avalon","2021-10-29T00:00:00.000Z",3.13,13,"PM2.5"
"USA","Pennsylvania","Avalon","Avalon","2021-10-30T00:00:00.000Z",5.17,21,"PM2.5"
"USA","Pennsylvania","Avalon","Avalon","2021-10-31T00:00:00.000Z",7,29,"PM2.5"
"USA","Pennsylvania","Avalon","Avalon","2021-11-01T00:00:00.000Z",5.75,24,"PM2.5"
"USA","Pennsylvania","Avalon","Avalon","2021-11-02T00:00:00.000Z",5.54,23,"PM2.5"
"USA","Pennsylvania","Avalon","Avalon","2021-11-03T00:00:00.000Z",5.87,24,"PM2.5"
"USA","Pennsylvania","Avalon","Avalon","2021-11-04T00:00:00.000Z",12.05,50,"PM2.5"
"USA","Pennsylvania","Avalon","Avalon","2021-11-05T00:00:00.000Z",13.18,53,"PM2.5"
"USA","Pennsylvania","Avalon","Avalon","2021-11-06T00:00:00.000Z",14.36,56,"PM2.5"
"USA","Pennsylvania","Avalon","Avalon","2021-11-07T00:00:00.000Z",24,76,"PM2.5"
"USA","Pennsylvania","Avalon","Avalon","2021-11-08T00:00:00.000Z",17.5,62,"PM2.5"
"USA","Pennsylvania","Avalon","Avalon","2021-11-09T00:00:00.000Z",13.38,54,"PM2.5"
"USA","Pennsylvania","Avalon","Avalon","2021-11-10T00:00:00.000Z",16.55,60,"PM2.5"
"USA","Pennsylvania","Avalon","Avalon","2021-11-11T00:00:00.000Z",13.7,54,"PM2.5"
"USA","Pennsylvania","Avalon","Avalon","2021-11-12T00:00:00.000Z",7.26,30,"PM2.5"
"USA","Pennsylvania","Avalon","Avalon","2021-11-13T00:00:00.000Z",6.33,26,"PM2.5"
"USA","Pennsylvania","Avalon","Avalon","2021-11-14T00:00:00.000Z",5.17,21,"PM2.5"
"USA","Pennsylvania","Avalon","Avalon","2021-11-15T00:00:00.000Z",4,17,"PM2.5"
"USA","Pennsylvania","Avalon","Avalon","2021-11-16T00:00:00.000Z",7.74,32,"PM2.5"
"USA","Pennsylvania","Avalon","Avalon","2021-11-17T00:00:00.000Z",12,50,"PM2.5"
"USA","Pennsylvania","Avalon","Avalon","2021-11-18T00:00:00.000Z",9.96,41,"PM2.5"
"USA","Pennsylvania","Avalon","Avalon","2021-11-19T00:00:00.000Z",4.71,19,"PM2.5"
"USA","Pennsylvania","Avalon","Avalon","2021-11-20T00:00:00.000Z",8.95,37,"PM2.5"
"USA","Pennsylvania","Avalon","Avalon","2021-11-21T00:00:00.000Z",12.22,51,"PM2.5"
"USA","Pennsylvania","Avalon","Avalon","2021-11-22T00:00:00.000Z",7.91,33,"PM2.5"
"USA","Pennsylvania","Avalon","Avalon","2021-11-23T00:00:00.000Z",7.13,29,"PM2.5"
"USA","Pennsylvania","Avalon","Avalon","2021-11-24T00:00:00.000Z",14.46,56,"PM2.5"
"USA","Pennsylvania","Avalon","Avalon","2021-11-25T00:00:00.000Z",9.43,39,"PM2.5"
"USA","Pennsylvania","Avalon","Avalon","2021-11-26T00:00:00.000Z",3.33,14,"PM2.5"
"USA","Pennsylvania","Avalon","Avalon","2021-11-27T00:00:00.000Z",6.08,25,"PM2.5"
"USA","Pennsylvania","Avalon","Avalon","2021-11-28T00:00:00.000Z",11.57,48,"PM2.5"
"USA","Pennsylvania","Avalon","Avalon","2021-11-29T00:00:00.000Z",4.96,20,"PM2.5"
"USA","Pennsylvania","Avalon","Avalon","2021-11-30T00:00:00.000Z",8.63,36,"PM2.5"
"USA","Pennsylvania","Avalon","Avalon","2021-12-01T00:00:00.000Z",15,57,"PM2.5"
"USA","Pennsylvania","Avalon","Avalon","2021-12-02T00:00:00.000Z",10.91,45,"PM2.5"
"USA","Pennsylvania","Avalon","Avalon","2021-12-03T00:00:00.000Z",4.25,18,"PM2.5"
"USA","Pennsylvania","Avalon","Avalon","2021-12-04T00:00:00.000Z",10.08,42,"PM2.5"
"USA","Pennsylvania","Avalon","Avalon","2021-12-05T00:00:00.000Z",9.67,40,"PM2.5"
"USA","Pennsylvania","Avalon","Avalon","2021-12-06T00:00:00.000Z",9,37,"PM2.5"
"USA","Pennsylvania","Avalon","Avalon","2021-12-07T00:00:00.000Z",6.4,26,"PM2.5"
"USA","Pennsylvania","Avalon","Avalon","2021-12-08T00:00:00.000Z",9.04,37,"PM2.5"
"USA","Pennsylvania","Avalon","Avalon","2021-12-09T00:00:00.000Z",15.21,58,"PM2.5"
"USA","Pennsylvania","Avalon","Avalon","2021-12-10T00:00:00.000Z",11.88,49,"PM2.5"
"USA","Pennsylvania","Avalon","Avalon","2021-12-11T00:00:00.000Z",7.71,32,"PM2.5"
"USA","Pennsylvania","Avalon","Avalon","2021-12-12T00:00:00.000Z",3.79,16,"PM2.5"
"USA","Pennsylvania","Avalon","Avalon","2021-12-13T00:00:00.000Z",5.61,23,"PM2.5"
"USA","Pennsylvania","Avalon","Avalon","2021-12-14T00:00:00.000Z",14.79,57,"PM2.5"
"USA","Pennsylvania","Avalon","Avalon","2021-12-15T00:00:00.000Z",13.27,53,"PM2.5"
"USA","Pennsylvania","Avalon","Avalon","2021-12-16T00:00:00.000Z",7.74,32,"PM2.5"
"USA","Pennsylvania","Avalon","Avalon","2021-12-17T00:00:00.000Z",10.21,42,"PM2.5"
"USA","Pennsylvania","Avalon","Avalon","2021-12-18T00:00:00.000Z",8.17,34,"PM2.5"
"USA","Pennsylvania","Avalon","Avalon","2021-12-19T00:00:00.000Z",4.42,18,"PM2.5"
"USA","Pennsylvania","Avalon","Avalon","2021-12-20T00:00:00.000Z",6.08,25,"PM2.5"
"USA","Pennsylvania","Avalon","Avalon","2021-12-21T00:00:00.000Z",12.46,52,"PM2.5"
"USA","Pennsylvania","Avalon","Avalon","2021-12-22T00:00:00.000Z",9.63,40,"PM2.5"
"USA","Pennsylvania","Avalon","Avalon","2021-12-23T00:00:00.000Z",10.25,42,"PM2.5"
"USA","Pennsylvania","Avalon","Avalon","2021-12-24T00:00:00.000Z",6.25,26,"PM2.5"
"USA","Pennsylvania","Avalon","Avalon","2021-12-25T00:00:00.000Z",7.08,29,"PM2.5"
"USA","Pennsylvania","Avalon","Avalon","2021-12-26T00:00:00.000Z",9.21,38,"PM2.5"
"USA","Pennsylvania","Avalon","Avalon","2021-12-27T00:00:00.000Z",9.52,39,"PM2.5"
"USA","Pennsylvania","Avalon","Avalon","2021-12-28T00:00:00.000Z",10.29,43,"PM2.5"
"USA","Pennsylvania","Avalon","Avalon","2021-12-29T00:00:00.000Z",7.96,33,"PM2.5"
"USA","Pennsylvania","Avalon","Avalon","2021-12-30T00:00:00.000Z",12.46,52,"PM2.5"
"USA","Pennsylvania","Avalon","Avalon","2021-12-31T00:00:00.000Z",10.43,43,"PM2.5"
"USA","Pennsylvania","Avalon","Avalon","2022-01-01T00:00:00.000Z",9.3,38,"PM2.5"
"USA","Pennsylvania","Avalon","Avalon","2022-01-02T00:00:00.000Z",4.79,20,"PM2.5"
"USA","Pennsylvania","Avalon","Avalon","2022-01-03T00:00:00.000Z",4.88,20,"PM2.5"
"USA","Pennsylvania","Avalon","Avalon","2022-01-04T00:00:00.000Z",9.96,41,"PM2.5"
"USA","Pennsylvania","Avalon","Avalon","2022-01-05T00:00:00.000Z",7.5,31,"PM2.5"
"USA","Pennsylvania","Avalon","Avalon","2022-01-06T00:00:00.000Z",12.05,50,"PM2.5"
"USA","Pennsylvania","Avalon","Avalon","2022-01-07T00:00:00.000Z",11.05,46,"PM2.5"
"USA","Pennsylvania","Avalon","Avalon","2022-01-08T00:00:00.000Z",14.13,55,"PM2.5"
"USA","Pennsylvania","Avalon","Avalon","2022-01-09T00:00:00.000Z",9.96,41,"PM2.5"
"USA","Pennsylvania","Avalon","Avalon","2022-01-10T00:00:00.000Z",7.08,29,"PM2.5"
"USA","Pennsylvania","Avalon","Avalon","2022-01-11T00:00:00.000Z",7.74,32,"PM2.5"
"USA","Pennsylvania","Avalon","Avalon","2022-01-12T00:00:00.000Z",7.08,29,"PM2.5"
"USA","Pennsylvania","Avalon","Avalon","2022-01-13T00:00:00.000Z",14.17,55,"PM2.5"
"USA","Pennsylvania","Avalon","Avalon","2022-01-14T00:00:00.000Z",14.61,56,"PM2.5"
"USA","Pennsylvania","Avalon","Avalon","2022-01-15T00:00:00.000Z",4.91,20,"PM2.5"
"USA","Pennsylvania","Avalon","Avalon","2022-01-16T00:00:00.000Z",5.88,24,"PM2.5"
"USA","Pennsylvania","Avalon","Avalon","2022-01-17T00:00:00.000Z",6.46,27,"PM2.5"
"USA","Pennsylvania","Avalon","Avalon","2022-01-18T00:00:00.000Z",10.35,43,"PM2.5"
"USA","Pennsylvania","Avalon","Avalon","2022-01-19T00:00:00.000Z",9.65,40,"PM2.5"
"USA","Pennsylvania","Avalon","Avalon","2022-01-20T00:00:00.000Z",7.08,29,"PM2.5"
"USA","Pennsylvania","Avalon","Avalon","2022-01-21T00:00:00.000Z",5.43,22,"PM2.5"
"USA","Pennsylvania","Avalon","Avalon","2022-01-22T00:00:00.000Z",14.52,56,"PM2.5"
"USA","Pennsylvania","Avalon","Avalon","2022-01-23T00:00:00.000Z",9.48,39,"PM2.5"
"USA","Pennsylvania","Avalon","Avalon","2022-01-24T00:00:00.000Z",8.09,33,"PM2.5"
"USA","Pennsylvania","Avalon","Avalon","2022-01-25T00:00:00.000Z",10.78,45,"PM2.5"
"USA","Pennsylvania","Avalon","Avalon","2022-01-26T00:00:00.000Z",16.09,59,"PM2.5"
"USA","Pennsylvania","Avalon","Avalon","2022-01-27T00:00:00.000Z",17.04,61,"PM2.5"
"USA","Pennsylvania","Avalon","Avalon","2022-01-28T00:00:00.000Z",12.17,51,"PM2.5"
"USA","Pennsylvania","Avalon","Avalon","2022-01-29T00:00:00.000Z",6.46,27,"PM2.5"
"USA","Pennsylvania","Avalon","Avalon","2022-01-30T00:00:00.000Z",14.33,56,"PM2.5"
"USA","Pennsylvania","Avalon","Avalon","2022-01-31T00:00:00.000Z",24.54,77,"PM2.5"
"USA","Pennsylvania","Avalon","Avalon","2022-02-01T00:00:00.000Z",22.91,74,"PM2.5"
"USA","Pennsylvania","Avalon","Avalon","2022-02-02T00:00:00.000Z",19.21,66,"PM2.5"
"USA","Pennsylvania","Avalon","Avalon","2022-02-03T00:00:00.000Z",10.41,43,"PM2.5"
"USA","Pennsylvania","Avalon","Avalon","2022-02-04T00:00:00.000Z",3.75,15,"PM2.5"
"USA","Pennsylvania","Avalon","Avalon","2022-02-05T00:00:00.000Z",11.52,48,"PM2.5"
"USA","Pennsylvania","Avalon","Avalon","2022-02-06T00:00:00.000Z",20.33,68,"PM2.5"
"USA","Pennsylvania","Avalon","Avalon","2022-02-07T00:00:00.000Z",13.71,54,"PM2.5"
"USA","Pennsylvania","Avalon","Avalon","2022-02-08T00:00:00.000Z",14.21,55,"PM2.5"
"USA","Pennsylvania","Avalon","Avalon","2022-02-09T00:00:00.000Z",9.67,40,"PM2.5"
"USA","Pennsylvania","Avalon","Avalon","2022-02-10T00:00:00.000Z",5.29,22,"PM2.5"
"USA","Pennsylvania","Avalon","Avalon","2022-02-11T00:00:00.000Z",8.61,36,"PM2.5"
"USA","Pennsylvania","Avalon","Avalon","2022-02-12T00:00:00.000Z",5.54,23,"PM2.5"
"USA","Pennsylvania","Avalon","Avalon","2022-02-13T00:00:00.000Z",5.71,24,"PM2.5"
"USA","Pennsylvania","Avalon","Avalon","2022-02-14T00:00:00.000Z",9.64,40,"PM2.5"
"USA","Pennsylvania","Avalon","Avalon","2022-02-15T00:00:00.000Z",16.05,59,"PM2.5"
"USA","Pennsylvania","Avalon","Avalon","2022-02-16T00:00:00.000Z",14.29,56,"PM2.5"
"USA","Pennsylvania","Avalon","Avalon","2022-02-17T00:00:00.000Z",8.83,36,"PM2.5"
"USA","Pennsylvania","Avalon","Avalon","2022-02-18T00:00:00.000Z",5.17,21,"PM2.5"
"USA","Pennsylvania","Avalon","Avalon","2022-02-19T00:00:00.000Z",5.42,22,"PM2.5"
"USA","Pennsylvania","Avalon","Avalon","2022-02-20T00:00:00.000Z",6.09,25,"PM2.5"
"USA","Pennsylvania","Avalon","Avalon","2022-02-21T00:00:00.000Z",7.38,30,"PM2.5"
"USA","Pennsylvania","Avalon","Avalon","2022-02-22T00:00:00.000Z",13.17,53,"PM2.5"
"USA","Pennsylvania","Avalon","Avalon","2022-02-23T00:00:00.000Z",8.14,34,"PM2.5"
"USA","Pennsylvania","Avalon","Avalon","2022-02-24T00:00:00.000Z",6,25,"PM2.5"
"USA","Pennsylvania","Avalon","Avalon","2022-02-25T00:00:00.000Z",7.21,30,"PM2.5"
"USA","Pennsylvania","Avalon","Avalon","2022-02-26T00:00:00.000Z",7.08,29,"PM2.5"
"USA","Pennsylvania","Avalon","Avalon","2022-02-27T00:00:00.000Z",9.65,40,"PM2.5"
"USA","Pennsylvania","Avalon","Avalon","2022-02-28T00:00:00.000Z",8.17,34,"PM2.5"
"USA","Pennsylvania","Avalon","Avalon","2022-03-01T00:00:00.000Z",11.13,46,"PM2.5"
"USA","Pennsylvania","Avalon","Avalon","2022-03-02T00:00:00.000Z",13.08,53,"PM2.5"
"USA","Pennsylvania","Avalon","Avalon","2022-03-03T00:00:00.000Z",3.83,16,"PM2.5"
"USA","Pennsylvania","Avalon","Avalon","2022-03-04T00:00:00.000Z",6.78,28,"PM2.5"
"USA","Pennsylvania","Avalon","Avalon","2022-03-05T00:00:00.000Z",12.13,51,"PM2.5"
"USA","Pennsylvania","Avalon","Avalon","2022-03-06T00:00:00.000Z",20.67,69,"PM2.5"
"USA","Pennsylvania","Avalon","Avalon","2022-03-07T00:00:00.000Z",8.92,37,"PM2.5"
"USA","Pennsylvania","Avalon","Avalon","2022-03-08T00:00:00.000Z",4.71,19,"PM2.5"
"USA","Pennsylvania","Avalon","Avalon","2022-03-09T00:00:00.000Z",11,45,"PM2.5"
"USA","Pennsylvania","Avalon","Avalon","2022-03-10T00:00:00.000Z",14.32,56,"PM2.5"
"USA","Pennsylvania","Avalon","Avalon","2022-03-11T00:00:00.000Z",14.74,57,"PM2.5"
"USA","Pennsylvania","Avalon","Avalon","2022-03-12T00:00:00.000Z",6.5,27,"PM2.5"
"USA","Pennsylvania","Avalon","Avalon","2022-03-13T00:00:00.000Z",6.42,27,"PM2.5"
"USA","Pennsylvania","Avalon","Avalon","2022-03-14T00:00:00.000Z",7.13,29,"PM2.5"
"USA","Pennsylvania","Avalon","Avalon","2022-03-15T00:00:00.000Z",10.38,43,"PM2.5"
"USA","Pennsylvania","Avalon","Avalon","2022-03-16T00:00:00.000Z",14.62,56,"PM2.5"
"USA","Pennsylvania","Avalon","Avalon","2022-03-17T00:00:00.000Z",18.4,64,"PM2.5"
"USA","Pennsylvania","Avalon","Avalon","2022-03-18T00:00:00.000Z",16.13,59,"PM2.5"
"USA","Pennsylvania","Avalon","Avalon","2022-03-19T00:00:00.000Z",9.14,38,"PM2.5"
"USA","Pennsylvania","Avalon","Avalon","2022-03-20T00:00:00.000Z",2.54,10,"PM2.5"
"USA","Pennsylvania","Avalon","Avalon","2022-03-21T00:00:00.000Z",8.42,35,"PM2.5"
"USA","Pennsylvania","Avalon","Avalon","2022-03-22T00:00:00.000Z",10.75,44,"PM2.5"
"USA","Pennsylvania","Avalon","Avalon","2022-03-23T00:00:00.000Z",7.25,30,"PM2.5"
"USA","Pennsylvania","Avalon","Avalon","2022-03-24T00:00:00.000Z",4.38,18,"PM2.5"
"USA","Pennsylvania","Avalon","Avalon","2022-03-25T00:00:00.000Z",5.46,23,"PM2.5"
"USA","Pennsylvania","Avalon","Avalon","2022-03-26T00:00:00.000Z",3.54,15,"PM2.5"
"USA","Pennsylvania","Avalon","Avalon","2022-03-27T00:00:00.000Z",3.08,13,"PM2.5"
"USA","Pennsylvania","Avalon","Avalon","2022-03-28T00:00:00.000Z",4.88,20,"PM2.5"
"USA","Pennsylvania","Avalon","Avalon","2022-03-29T00:00:00.000Z",6.54,27,"PM2.5"
"USA","Pennsylvania","Avalon","Avalon","2022-03-30T00:00:00.000Z",10.17,42,"PM2.5"
"USA","Pennsylvania","Avalon","Avalon","2022-03-31T00:00:00.000Z",9.77,40,"PM2.5"
"USA","Pennsylvania","Avalon","Avalon","2022-04-01T00:00:00.000Z",2.92,12,"PM2.5"
"USA","Pennsylvania","Avalon","Avalon","2022-04-02T00:00:00.000Z",5.04,21,"PM2.5"
"USA","Pennsylvania","Avalon","Avalon","2022-04-03T00:00:00.000Z",8.71,36,"PM2.5"
"USA","Pennsylvania","Avalon","Avalon","2022-04-04T00:00:00.000Z",10.9,45,"PM2.5"
"USA","Pennsylvania","Avalon","Avalon","2022-04-05T00:00:00.000Z",12.46,52,"PM2.5"
"USA","Pennsylvania","Avalon","Avalon","2022-04-06T00:00:00.000Z",7.38,30,"PM2.5"
"USA","Pennsylvania","Avalon","Avalon","2022-04-07T00:00:00.000Z",5.78,24,"PM2.5"
"USA","Pennsylvania","Avalon","Avalon","2022-04-08T00:00:00.000Z",7.83,32,"PM2.5"
"USA","Pennsylvania","Avalon","Avalon","2022-04-09T00:00:00.000Z",4.08,17,"PM2.5"
"USA","Pennsylvania","Avalon","Avalon","2022-04-10T00:00:00.000Z",4.25,18,"PM2.5"
"USA","Pennsylvania","Avalon","Avalon","2022-04-11T00:00:00.000Z",11.92,49,"PM2.5"
"USA","Pennsylvania","Avalon","Avalon","2022-04-12T00:00:00.000Z",7.25,30,"PM2.5"
"USA","Pennsylvania","Avalon","Avalon","2022-04-13T00:00:00.000Z",11,45,"PM2.5"
"USA","Pennsylvania","Avalon","Avalon","2022-04-14T00:00:00.000Z",5.91,24,"PM2.5"
"USA","Pennsylvania","Avalon","Avalon","2022-04-15T00:00:00.000Z",5.25,22,"PM2.5"
"USA","Pennsylvania","Avalon","Avalon","2022-04-16T00:00:00.000Z",7,29,"PM2.5"
"USA","Pennsylvania","Avalon","Avalon","2022-04-17T00:00:00.000Z",3.54,15,"PM2.5"
"USA","Pennsylvania","Avalon","Avalon","2022-04-18T00:00:00.000Z",5,21,"PM2.5"
"USA","Pennsylvania","Avalon","Avalon","2022-04-19T00:00:00.000Z",5.5,23,"PM2.5"
"USA","Pennsylvania","Avalon","Avalon","2022-04-20T00:00:00.000Z",5.21,22,"PM2.5"
"USA","Pennsylvania","Avalon","Avalon","2022-04-21T00:00:00.000Z",8.83,36,"PM2.5"
"USA","Pennsylvania","Avalon","Avalon","2022-04-22T00:00:00.000Z",10.36,43,"PM2.5"
"USA","Pennsylvania","Avalon","Avalon","2022-04-23T00:00:00.000Z",9.96,41,"PM2.5"
"USA","Pennsylvania","Avalon","Avalon","2022-04-24T00:00:00.000Z",18.67,65,"PM2.5"
"USA","Pennsylvania","Avalon","Avalon","2022-04-25T00:00:00.000Z",14.14,55,"PM2.5"
"USA","Pennsylvania","Avalon","Avalon","2022-04-26T00:00:00.000Z",6.88,28,"PM2.5"
"USA","Pennsylvania","Avalon","Avalon","2022-04-27T00:00:00.000Z",5.13,21,"PM2.5"
"USA","Pennsylvania","Avalon","Avalon","2022-04-28T00:00:00.000Z",3.88,16,"PM2.5"
"USA","Pennsylvania","Avalon","Avalon","2022-04-29T00:00:00.000Z",9.24,38,"PM2.5"
"USA","Pennsylvania","Avalon","Avalon","2022-04-30T00:00:00.000Z",8.46,35,"PM2.5"
"USA","Pennsylvania","Avalon","Avalon","2022-05-01T00:00:00.000Z",23,74,"PM2.5"
"USA","Pennsylvania","Avalon","Avalon","2022-05-02T00:00:00.000Z",2.95,12,"PM2.5"
"USA","Pennsylvania","Avalon","Avalon","2022-05-03T00:00:00.000Z",8.04,33,"PM2.5"
"USA","Pennsylvania","Avalon","Avalon","2022-05-04T00:00:00.000Z",6.5,27,"PM2.5"
"USA","Pennsylvania","Avalon","Avalon","2022-05-05T00:00:00.000Z",4.42,18,"PM2.5"
"USA","Pennsylvania","Avalon","Avalon","2022-05-06T00:00:00.000Z",6.26,26,"PM2.5"
"USA","Pennsylvania","Avalon","Avalon","2022-05-07T00:00:00.000Z",3.67,15,"PM2.5"
"USA","Pennsylvania","Avalon","Avalon","2022-05-08T00:00:00.000Z",4.79,20,"PM2.5"
"USA","Pennsylvania","Avalon","Avalon","2022-05-09T00:00:00.000Z",8.48,35,"PM2.5"
"USA","Pennsylvania","Avalon","Avalon","2022-05-10T00:00:00.000Z",10.67,44,"PM2.5"
"USA","Pennsylvania","Avalon","Avalon","2022-05-11T00:00:00.000Z",9.04,37,"PM2.5"
"USA","Pennsylvania","Avalon","Avalon","2022-05-12T00:00:00.000Z",12.04,50,"PM2.5"
"USA","Pennsylvania","Avalon","Avalon","2022-05-13T00:00:00.000Z",8.88,37,"PM2.5"
"USA","Pennsylvania","Avalon","Avalon","2022-05-14T00:00:00.000Z",5.21,22,"PM2.5"
"USA","Pennsylvania","Avalon","Avalon","2022-05-15T00:00:00.000Z",6.79,28,"PM2.5"
"USA","Pennsylvania","Avalon","Avalon","2022-05-16T00:00:00.000Z",8.38,35,"PM2.5"
"USA","Pennsylvania","Avalon","Avalon","2022-05-17T00:00:00.000Z",6.91,29,"PM2.5"
"USA","Pennsylvania","Avalon","Avalon","2022-05-18T00:00:00.000Z",7.33,30,"PM2.5"
"USA","Pennsylvania","Avalon","Avalon","2022-05-19T00:00:00.000Z",9.63,40,"PM2.5"
"USA","Pennsylvania","Avalon","Avalon","2022-05-20T00:00:00.000Z",9.74,40,"PM2.5"
"USA","Pennsylvania","Avalon","Avalon","2022-05-21T00:00:00.000Z",12.78,52,"PM2.5"
"USA","Pennsylvania","Avalon","Avalon","2022-05-22T00:00:00.000Z",10.7,44,"PM2.5"
"USA","Pennsylvania","Avalon","Avalon","2022-05-23T00:00:00.000Z",4.71,19,"PM2.5"
"USA","Pennsylvania","Avalon","Avalon","2022-05-24T00:00:00.000Z",7.13,29,"PM2.5"
"USA","Pennsylvania","Avalon","Avalon","2022-05-25T00:00:00.000Z",4.71,19,"PM2.5"
"USA","Pennsylvania","Avalon","Avalon","2022-05-26T00:00:00.000Z",4.63,19,"PM2.5"
"USA","Pennsylvania","Avalon","Avalon","2022-05-27T00:00:00.000Z",5.21,22,"PM2.5"
"USA","Pennsylvania","Avalon","Avalon","2022-05-28T00:00:00.000Z",5.71,24,"PM2.5"
"USA","Pennsylvania","Avalon","Avalon","2022-05-29T00:00:00.000Z",13.23,53,"PM2.5"
"USA","Pennsylvania","Avalon","Avalon","2022-05-30T00:00:00.000Z",14.78,57,"PM2.5"
"USA","Pennsylvania","Avalon","Avalon","2022-05-31T00:00:00.000Z",11.33,47,"PM2.5"
"USA","Pennsylvania","Avalon","Avalon","2022-06-01T00:00:00.000Z",13.9,55,"PM2.5"
"USA","Pennsylvania","Avalon","Avalon","2022-06-02T00:00:00.000Z",9.75,40,"PM2.5"
"USA","Pennsylvania","Avalon","Avalon","2022-06-03T00:00:00.000Z",5.88,24,"PM2.5"
"USA","Pennsylvania","Avalon","Avalon","2022-06-04T00:00:00.000Z",8.54,35,"PM2.5"
"USA","Pennsylvania","Avalon","Avalon","2022-06-05T00:00:00.000Z",8.75,36,"PM2.5"
"USA","Pennsylvania","Avalon","Avalon","2022-06-06T00:00:00.000Z",9.42,39,"PM2.5"
"USA","Pennsylvania","Avalon","Avalon","2022-06-07T00:00:00.000Z",13.25,53,"PM2.5"
"USA","Pennsylvania","Avalon","Avalon","2022-06-08T00:00:00.000Z",6.42,27,"PM2.5"
"USA","Pennsylvania","Avalon","Avalon","2022-06-09T00:00:00.000Z",6.41,26,"PM2.5"
"USA","Pennsylvania","Avalon","Avalon","2022-06-10T00:00:00.000Z",6.29,26,"PM2.5"
"USA","Pennsylvania","Avalon","Avalon","2022-06-11T00:00:00.000Z",19.49,66,"PM2.5"
"USA","Pennsylvania","Avalon","Avalon","2022-06-12T00:00:00.000Z",21.39,70,"PM2.5"
"USA","Pennsylvania","Avalon","Avalon","2022-06-13T00:00:00.000Z",25.09,78,"PM2.5"
"USA","Pennsylvania","Avalon","Avalon","2022-06-14T00:00:00.000Z",15.74,59,"PM2.5"
"USA","Pennsylvania","Avalon","Avalon","2022-06-15T00:00:00.000Z",23.59,75,"PM2.5"
"USA","Pennsylvania","Avalon","Avalon","2022-06-16T00:00:00.000Z",19.69,67,"PM2.5"
"USA","Pennsylvania","Avalon","Avalon","2022-06-17T00:00:00.000Z",8.36,35,"PM2.5"
"USA","Pennsylvania","Avalon","Avalon","2022-06-18T00:00:00.000Z",3.86,16,"PM2.5"
"USA","Pennsylvania","Avalon","Avalon","2022-06-19T00:00:00.000Z",4.68,19,"PM2.5"
"USA","Pennsylvania","Avalon","Avalon","2022-06-20T00:00:00.000Z",7.55,31,"PM2.5"
"USA","Pennsylvania","Avalon","Avalon","2022-06-21T00:00:00.000Z",8.25,34,"PM2.5"
"USA","Pennsylvania","Avalon","Avalon","2022-06-22T00:00:00.000Z",12.13,51,"PM2.5"
"USA","Pennsylvania","Avalon","Avalon","2022-06-23T00:00:00.000Z",6.36,26,"PM2.5"
"USA","Pennsylvania","Avalon","Avalon","2022-06-24T00:00:00.000Z",6.34,26,"PM2.5"
"USA","Pennsylvania","Avalon","Avalon","2022-06-25T00:00:00.000Z",9.4,39,"PM2.5"
"USA","Pennsylvania","Avalon","Avalon","2022-06-26T00:00:00.000Z",10.59,44,"PM2.5"
"USA","Pennsylvania","Avalon","Avalon","2022-06-27T00:00:00.000Z",5.43,22,"PM2.5"
"USA","Pennsylvania","Avalon","Avalon","2022-06-28T00:00:00.000Z",4.86,20,"PM2.5"
"USA","Pennsylvania","Avalon","Avalon","2022-06-29T00:00:00.000Z",7.11,29,"PM2.5"
"USA","Pennsylvania","Avalon","Avalon","2022-06-30T00:00:00.000Z",8.53,35,"PM2.5"
"USA","Pennsylvania","Avalon","Avalon","2022-07-01T00:00:00.000Z",13.4,54,"PM2.5"
"USA","Pennsylvania","Avalon","Avalon","2022-07-02T00:00:00.000Z",7.76,32,"PM2.5"
"USA","Pennsylvania","Avalon","Avalon","2022-07-03T00:00:00.000Z",11.4,47,"PM2.5"
"USA","Pennsylvania","Avalon","Avalon","2022-07-04T00:00:00.000Z",15.05,57,"PM2.5"
"USA","Pennsylvania","Avalon","Avalon","2022-07-05T00:00:00.000Z",19.1,66,"PM2.5"
"USA","Pennsylvania","Avalon","Avalon","2022-07-06T00:00:00.000Z",3.98,16,"PM2.5"
"USA","Pennsylvania","Avalon","Avalon","2022-07-07T00:00:00.000Z",5.62,23,"PM2.5"
"USA","Pennsylvania","Avalon","Avalon","2022-07-08T00:00:00.000Z",6.66,28,"PM2.5"
"USA","Pennsylvania","Avalon","Avalon","2022-07-09T00:00:00.000Z",8.93,37,"PM2.5"
"USA","Pennsylvania","Avalon","Avalon","2022-07-10T00:00:00.000Z",7.47,31,"PM2.5"
"USA","Pennsylvania","Avalon","Avalon","2022-07-11T00:00:00.000Z",9.35,39,"PM2.5"
"USA","Pennsylvania","Avalon","Avalon","2022-07-12T00:00:00.000Z",8.39,35,"PM2.5"
"USA","Pennsylvania","Avalon","Avalon","2022-07-13T00:00:00.000Z",7.43,31,"PM2.5"
"USA","Pennsylvania","Avalon","Avalon","2022-07-14T00:00:00.000Z",7.15,30,"PM2.5"
"USA","Pennsylvania","Avalon","Avalon","2022-07-15T00:00:00.000Z",7.94,33,"PM2.5"
"USA","Pennsylvania","Avalon","Avalon","2022-07-16T00:00:00.000Z",9.78,40,"PM2.5"
"USA","Pennsylvania","Avalon","Avalon","2022-07-17T00:00:00.000Z",9.56,40,"PM2.5"
"USA","Pennsylvania","Avalon","Avalon","2022-07-18T00:00:00.000Z",5.95,25,"PM2.5"
"USA","Pennsylvania","Avalon","Avalon","2022-07-19T00:00:00.000Z",8.75,36,"PM2.5"
"USA","Pennsylvania","Avalon","Avalon","2022-07-20T00:00:00.000Z",12.36,52,"PM2.5"
"USA","Pennsylvania","Avalon","Avalon","2022-07-21T00:00:00.000Z",8.67,36,"PM2.5"
"USA","Pennsylvania","Avalon","Avalon","2022-07-22T00:00:00.000Z",14.72,56,"PM2.5"
"USA","Pennsylvania","Avalon","Avalon","2022-07-23T00:00:00.000Z",11.93,49,"PM2.5"
"USA","Pennsylvania","Avalon","Avalon","2022-07-25T00:00:00.000Z",8.42,35,"PM2.5"
"USA","Pennsylvania","Avalon","Avalon","2022-07-26T00:00:00.000Z",6.15,25,"PM2.5"
"USA","Pennsylvania","Avalon","Avalon","2022-07-27T00:00:00.000Z",8.5,35,"PM2.5"
"USA","Pennsylvania","Avalon","Avalon","2022-07-28T00:00:00.000Z",7.96,33,"PM2.5"
"USA","Pennsylvania","Avalon","Avalon","2022-07-29T00:00:00.000Z",8,33,"PM2.5"
"USA","Pennsylvania","Avalon","Avalon","2022-07-30T00:00:00.000Z",6.27,26,"PM2.5"
"USA","Pennsylvania","Avalon","Avalon","2022-07-31T00:00:00.000Z",6.9,29,"PM2.5"
"USA","Pennsylvania","Avalon","Avalon","2022-08-01T00:00:00.000Z",11.35,47,"PM2.5"
"USA","Pennsylvania","Avalon","Avalon","2022-08-02T00:00:00.000Z",7.06,29,"PM2.5"
"USA","Pennsylvania","Avalon","Avalon","2022-08-03T00:00:00.000Z",8.45,35,"PM2.5"
"USA","Pennsylvania","Avalon","Avalon","2022-08-04T00:00:00.000Z",9.5,39,"PM2.5"
"USA","Pennsylvania","Avalon","Avalon","2022-08-05T00:00:00.000Z",7.52,31,"PM2.5"
"USA","Pennsylvania","Avalon","Avalon","2022-08-06T00:00:00.000Z",5.33,22,"PM2.5"
"USA","Pennsylvania","Avalon","Avalon","2022-08-07T00:00:00.000Z",8.69,36,"PM2.5"
"USA","Pennsylvania","Avalon","Avalon","2022-08-08T00:00:00.000Z",8.61,36,"PM2.5"
"USA","Pennsylvania","Avalon","Avalon","2022-08-09T00:00:00.000Z",6.69,28,"PM2.5"
"USA","Pennsylvania","Avalon","Avalon","2022-08-10T00:00:00.000Z",4.89,20,"PM2.5"
"USA","Pennsylvania","Avalon","Avalon","2022-08-11T00:00:00.000Z",8.25,34,"PM2.5"
"USA","Pennsylvania","Avalon","Avalon","2022-08-12T00:00:00.000Z",4.72,20,"PM2.5"
"USA","Pennsylvania","Avalon","Avalon","2022-08-13T00:00:00.000Z",5.16,21,"PM2.5"
"USA","Pennsylvania","Avalon","Avalon","2022-08-14T00:00:00.000Z",8.61,36,"PM2.5"
"USA","Pennsylvania","Avalon","Avalon","2022-08-15T00:00:00.000Z",7.67,32,"PM2.5"
"USA","Pennsylvania","Avalon","Avalon","2022-08-16T00:00:00.000Z",5.93,25,"PM2.5"
"USA","Pennsylvania","Avalon","Avalon","2022-08-17T00:00:00.000Z",6.34,26,"PM2.5"
"USA","Pennsylvania","Avalon","Avalon","2022-08-18T00:00:00.000Z",6.7,28,"PM2.5"
"USA","Pennsylvania","Avalon","Avalon","2022-08-19T00:00:00.000Z",11.12,46,"PM2.5"
"USA","Pennsylvania","Avalon","Avalon","2022-08-20T00:00:00.000Z",13.3,54,"PM2.5"
"USA","Pennsylvania","Avalon","Avalon","2022-08-21T00:00:00.000Z",5.78,24,"PM2.5"
"USA","Pennsylvania","Avalon","Avalon","2022-08-22T00:00:00.000Z",6.98,29,"PM2.5"
"USA","Pennsylvania","Avalon","Avalon","2022-08-23T00:00:00.000Z",8.36,35,"PM2.5"
"USA","Pennsylvania","Avalon","Avalon","2022-08-24T00:00:00.000Z",11.17,46,"PM2.5"
"USA","Pennsylvania","Avalon","Avalon","2022-08-25T00:00:00.000Z",15.24,58,"PM2.5"
"USA","Pennsylvania","Avalon","Avalon","2022-08-26T00:00:00.000Z",13.59,54,"PM2.5"
"USA","Pennsylvania","Avalon","Avalon","2022-08-27T00:00:00.000Z",8.9,37,"PM2.5"
"USA","Pennsylvania","Avalon","Avalon","2022-08-28T00:00:00.000Z",11.72,48,"PM2.5"
"USA","Pennsylvania","Avalon","Avalon","2022-08-29T00:00:00.000Z",11.1,46,"PM2.5"